Name,UserID
John Smith,U001,9780743273565;9780061120084
Emily Davis,U002,9780451524935
Michael Johnson,U003,
Sarah Wilson,U004,9780486284736;9780316769488;9781503280786
David Brown,U005,
Jessica Lee,U006,9781400079988
Robert Taylor,U007,
Jennifer Martin,U008,9780679722762;9780060850524
Thomas Anderson,U009,
Lisa White,U010,9780547928227
Daniel Harris,U011,
Patricia Clark,U012,9781451673319
James Lewis,U013,
Linda Robinson,U014,9780143107637
William Walker,U015,
Elizabeth Hall,U016,9780374528379
Christopher Young,U017,
Margaret Allen,U018,9780141439556
Matthew King,U019,
Susan Wright,U020,9780141441146
Joseph Scott,U021,
Nancy Green,U022,9780140448955
Charles Adams,U023,
Karen Nelson,U024,9780060934347
Steven Baker,U025,
Betty Carter,U026,9780143035008
Andrew Mitchell,U027,
Dorothy Perez,U028,9780140275360
Kevin Roberts,U029,
Sandra Phillips,U030,9780140449327